{
  "accuracy": 0.7672597864768683,
  "precision": 0.5435203094777563,
  "recall": 0.7553763440860215,
  "f1": 0.6321709786276716,
  "roc_auc": 0.8415709021640695
}